translate;full_text;label
Yang perlu dipahami orang adalah bahwa mengambil sikap kuat terhadap imigrasi ilegal tidak berarti Anda anti-imigrasi. Banyak orang datang ke sini secara legal. Mereka mengikuti aturan. Mereka tidak menghormati negara itu bahkan sebelum mereka masuk.;What people need to understand is that taking a strong stance against ILLEGAL immigration doesnï¿½t mean youï¿½re anti-immigration. Many people come here legally. They follow the rules. They donï¿½t disrespect the country before theyï¿½ve even entered.;positif
Apa yang dilakukan pemerintahan yang sakit ini adalah kriminal. #Impeachbidennow Terima kasih Elon karena telah meningkatkan kesadaran tentang kejahatan ini terhadap orang -orang Amerika.;What this sick administration is doing is criminal. #ImpeachBidenNOW  Thank you Elon for raising awareness on this crime against the American people.;positif
https://t.co/znskvcytuy;https://t.co/zNSKVCyTUY;tidak relevan
Admin Biden dan Kongres terlantar dalam tugas mereka. Perbatasan adalah keadaan darurat keamanan nasional yang dilaporkan oleh warga negara. Seberapa gila ini?!? Militer perlu masuk pada titik ini. Misi DOD: Misi kami adalah untuk menyediakan pasukan militer yang diperlukan untuk ... https://t.co/kypnrufj9x;The Biden Admin and Congress are derelict in their duties. The border is a national security emergency being reported by a private citizen. How insane is this?!?  The military needs to step in at this point. DoD MISSION: Our mission is to provide the military forces needed toï¿½ https://t.co/kypNRUFJ9x;negatif
"Tuhan memberkati Anda @elonmusk ???? Kakek saya mengatakan berkali -kali pada proklamasi saya tentang harapan saya atau beloef dalam orang dan keadaan, ï¿½Saya sangat tahu. Lihat saja."" Orang -orang yang kuat perlu memegang terang kebaikan dan kebenaran. Ini adalah hal yang hebat yang dilakukan @ElonMusk. Saya masihï¿½";God bless you @elonmusk ????  My Granddad said many times to my proclamations about my hopes or beloefs in peoples and circumstances, ï¿½I so jot know, yet. We will see.ï¿½   Powerful people need to hold the light of good and truth. This is a great thing @elonmusk is doing.   I stillï¿½;positif
Mayorkas ... bukan pria yang baik https://t.co/45dj2rsugi;Mayorkas... not a nice guy https://t.co/45DJ2rsUGI;tidak relevan
????;????;tidak relevan
Orang -orang Amerika menghargai fakta. Terima kasih Elon!;The American people appreciate the facts.  Thanks Elon!;positif
https://t.co/hj1hxnwzug;https://t.co/hj1HxNwZUG;tidak relevan
Bukankah itu simbolis bahwa kota itu adalah Eagle Pass? Simbol Amerika, orang -orang portal benar -benar melewati untuk masuk. Aneh.;Isnï¿½t it symbolic that the town is Eagle Pass?  Americaï¿½s symbol, the portal people are literally passing through to enter.  Weird.;negatif
Terima kasih telah peduli ketika jelas tidak ada orang di MSM yang akan menutupi ini secara akurat.;Thanks for caring when clearly no one in the MSM will cover this accurately.;positif
Di dunia yang waras, presiden akan berusaha menyelesaikan situasi perbatasan dan CEO otomotif akan berbicara dengan pekerja yang mogok. Bagaimana mungkin kita berakhir dengan peran terbalik?;In a sane world the President would be trying to solve the border situation and the automotive CEO would be talking to striking workers.   How is it that we ended up with the roles flipped?;negatif
Tawaran Elon untuk menjadi presiden masa depan. Saya berharap semuanya terbayar. ??;Elonï¿½s bids for becoming the future President. I hope everything pays off. ??;positif
Bagus sekali;Well done;positif
Bro di perbatasan tetapi aplikasi x masih rugging separuh waktu;Bro at the border but X app still rugging half the time;positif
https://t.co/w5zawcz1kt;https://t.co/W5zawcZ1Kt;tidak relevan
Love the Long Form Video & Amp Elon melakukan beberapa pelaporan nyata. Luar biasa. Memberi saya harapan. Berita itu tidak lagi dimonopoli oleh wartawan Legacy Media & AMP yang mencoba naik hierarki. Mengingatkan saya pada kutipan Taleb tentang bagaimana Anda tidak pernah bisa mempercayai siapa pun dengan gaji atau dalam hierarki.;Love the long form video &amp  Elon doing some real reporting. Amazing. Gives me hope. The news is no longer monopolized by legacy media &amp  reporters trying to ascend the hierarchy.  Reminds me of Taleb quotes about how you can never trust anyone on a salary or within a hierarchy.;positif
Ini menunjukkan keadaan MSM dan lanskap politik saat ini di mana mengungkap masalah -masalah penting seperti itu diserahkan kepada miliarder teknologi.;It shows the current state of the MSM and political landscape where exposing such important issues is being left to a tech billionaire.;netral
@Sabinehazanmd Elon meluangkan waktu untuk menjadi jurnalis yang aneh dengan sepatu bot di tanah, pujian bro, dan terima kasih!;@SabinehazanMD Elon makes time to even be a freaking journalist with boots on the ground, kudos bro, and thank you!;positif
Melihatnya. Video yang bagus;Saw it. Good video;positif
@Cernovich Masalahnya dengan ini adalah Anda mendengarkan politisi lokal dan jika mereka tidak marah seperti yang pertama yang berbicara dan topi koboi maka mereka semua mencoba terdengar sangat masuk akal dan tidak bisakah kita semua rukun. Ini adalah manajer tingkat rendah. Memang ada banyak bagian yang bergerakï¿½;@Cernovich The problem with this is that you listen to the local politicians and if they're not angry like the first one who spoke and the cowboy hat then they all try to sound very reasonable and can't we all get along. These are low level managers. Granted there are a lot of moving partsï¿½;negatif
Bagaimana Anda semua di bawah ini tidak diganggu dengan ini? @Potus @housedemocrat @housegop @senatedems @senategop @kjp46 @presssec;How can all of you below not be bothered by this? @POTUS @HouseDemocrats  @HouseGOP @SenateDems  @SenateGOP  @KJP46  @PressSec;netral
Bagus untukmu Elon untuk membawa barang -barang ke garis depan yang perlu diselesaikan ???????????? menggunakan suara Anda untuk kebaikan yang lebih besar dari dunia ini ????;Good on you Elon for bringing things to the forefront that need to be solved ???????????? Using your voice for the greater good of this world ????;positif
Melakukan apa yang seharusnya dilakukan oleh jurnalis dan politisi;Doing what Journalists and politicians should be doing  GOATED;positif
Terima kasih!!! ?? ? ?;Thank you!!! ?? ??;positif
Tampak menyedihkan, begitu banyak untuk ditingkatkan, semoga video ini akan membuka mata bagi begitu banyak orang yang percaya tidak ada masalah di perbatasan dan semoga sekarang mereka akan melobi politisi yang menolak melakukan apa pun!;Looks depressing, so much to be improved upon, hopefully this video will open the eyes to so many who believe there isnï¿½t a problem at the border and hopefully now theyï¿½ll lobby politicians who have refused to do anything!;positif
Elon yang baik! Tunjukkan kebenaran kepada orang -orang!;Good Elon! Show the truth to the people!;positif
Elon akan memulai perusahaan baru yang berspesialisasi dalam dinding perbatasan yang berbiaya rendah dan efisiensi tinggi. Saya bisa melihatnya sekarang.;Elon's about to start a new company that specializes in  low cost, high efficiency border walls.   I can see it now.;positif
https://t.co/8wtox3rjyq;https://t.co/8WTOx3rjYQ;tidak relevan
"Cara terbaik untuk memahami realitas suatu situasi adalah dengan melihatnya dengan mata sendiri. "" - Nelson Mandela""";"The best way to understand the reality of a situation is to see it with your own eyes."" - Nelson Mandela""";netral
"Ketika Elon melakukan ""pemeriksaan fakta"", dia tidak main -main .??";When Elon does a ï¿½fact checkï¿½ he doesnï¿½t mess around.??;positif
Terima kasih telah membawa kesadaran untuk masalah ini;Thank you for bringing awareness to this issue;positif
Apakah Anda melihat Tsar perbatasan kami di sana? https://t.co/byvuudexvl;Did you see our Border Czar there? https://t.co/bYvUUdEXVl;tidak relevan
https://t.co/2sw1zitpn5;https://t.co/2Sw1ZiTPN5;tidak relevan
Sebagai pencinta kemanusiaan, bagaimana Anda mendamaikan hanya orang -orang tertentu yang diizinkan di bagian bumi tertentu? Apa kriteria yang diizinkan di Mars?;As a lover of humanity, how do you reconcile only certain people are allowed on certain parts of Earth?  What will be the criteria to be allowed on Mars?;netral
https://t.co/w8wudwgmMu;https://t.co/W8wUdwGMMU;tidak relevan
@X pergi berikan padamu! https://t.co/dgmnr1oynq;@X gone give it to ya! https://t.co/DgmNr1oynq;tidak relevan
Buka mata yang tertutup!;Open the eyes of the closed!;negatif
. @HIVHEP menuduh Rencana Kesehatan Texas @Chctexas menyediakan cakupan subtandard & amp #HIV #rx: https://t.co/8k8zyw0rm5 https://t.co/iqa1g37d0h;.@HIVHep alleges Texas health plan @CHCTexas is providing substandard &amp  discriminatory #HIV #Rx coverage: https://t.co/8K8ZYW0Rm5 https://t.co/iqA1G37d0H;tidak relevan
https://t.co/5euc4y8fl1;https://t.co/5euc4Y8Fl1;tidak relevan
Dari kualitas video, apakah kalian pikir dia menggunakan iPhone atau Android? ??;From the quality of the video, do you guys think he uses iphone or android???;tidak relevan
oh dang dia melakukannya!;oh dang he did it!;netral
Saya menambahkan ke video Anda untuk membuat orang -orang retensi rendah tetap terhubung https://t.co/1yfnedq8n3;I added to your video to keep the low retention folks engaged https://t.co/1yfnEdq8N3;netral
Jadi orang terkaya di dunia telah berkunjung ke perbatasan dan melihat masalah yang ada, tangan pertama dan Kamala dan AOC berpikir tidak ada masalah ... yup ... masuk akal lol;So the richest man in world has visited to border and seen the issues at hand, first hand and Kamala and AOC think there isnï¿½t an issueï¿½ yupï¿½ makes sense lol;netral
Menikahlah denganku .;marry me .;tidak relevan
@Mayraflores_tx @txdps akan membiarkan Anda berbicara dengan kami yang telah meliputnya secara luas selama satu dekade dan dapat memberi Anda wawasan tetapi kami diblokirï¿½;@MayraFlores_TX Wish @TxDPS would have let you talk to those of us who have been covering it extensively for a decade and can give you insight but we were blockedï¿½;negatif
Elon, saya tahu Anda mungkin kewalahan mengikuti perjalanan Anda ke perbatasan hari ini ... tetapi apakah Anda benar -benar tertarik untuk terlibat, sebenarnya menangani masalah ini? Jika demikian, mohon beberapa orang Anda menjangkau saya. Izinkan saya mohon membantu membuat komisi dan bekerja untukï¿½;Elon, I know youï¿½re likely overwhelmed following your trip to the border todayï¿½ but are you genuinely interested in becoming involved, actually addressing the issue? If so, please have some of your people reach out to me. Allow me pls to help create a commission and work toï¿½;positif
Elon melakukan jurnalisme warga sekarang. Dayng.;Elon doing citizen journalism now. Dayng.;netral
Senang melihat liputan langsung, nyata, dan jujur. Lebih dari ini tolong!;Great to see live, real, honest coverage. More of this please!;positif
Jurnalisme Warga Besar Great ?? Penting untuk memiliki pengetahuan langsung tentang situasi tersebut. Sekarang kita tahu hal -hal apa yang bisa dilakukan untuk membantu, mereka harus dilakukan dengan cepat;great citizen journalism ?? Itï¿½s important to have first hand knowledge of the situation. now that we know what things can be done to help, they should be done swiftly;positif
Yang paling mengejutkan saya adalah kenyataan bahwa kita tidak bisa melihat warga negara Meksiko sebagai kelompok mayoritas di sini di antara kelompok -kelompok itu. Saya mengerti mereka dari seluruh penjuru, maksud saya, entah bagaimana adalah hal yang baik menjadi Meksiko negara perbatasan.;What really surprise me the most is the fact that we donï¿½t get to see Mexican nationals as a mayority group here among those groups.  I understand they are from all over, I mean, somehow is a good thing being Mexico the borderline country.;netral
Apakah meme review tadi malam dengan Justin Roiland dari @rickandmorty;Did meme review last night with Justin Roiland from @RickandMorty;netral
I Triple Dog menantang Anda untuk menjadi tuan rumah ulasan meme.;I triple dog dare you to host meme review.;netral
https://t.co/4pimo4j0k9;https://t.co/4PiMO4J0k9;tidak relevan
Ya https://t.co/t1ihn1s8w9;YES https://t.co/T1ihN1s8w9;positif
Betapa waktu untuk hidup!;What a time to be alive!;positif
Saya akan membeli 1/20 Tesla jika Anda melakukannya;I'll buy 1/20th of a Tesla if you do;positif
sejarah dibuat;history being made;positif
PewDiePie mengatakan bahwa Anda hanya dapat menjadi tuan rumah ulasan meme jika Anda mengikuti saya di twitter;pewdiepie said that you can only host meme review if you follow me on twitter;tidak relevan
@tokenizeTweets 0xf4ed4fe99943513ea6e70ff576986311f416127c;@tokenizedtweets 0xf4ed4FE99943513Ea6E70ff576986311f416127c;tidak relevan
Apa;What;tidak relevan
Ya;yes;positif
https://t.co/qho7pixhsn;https://t.co/Qho7pIXHsn;tidak relevan
Sangat mudah untuk membiarkan perang, kelaparan, dan kesedihan yang meluas membingungkan kita. Tetapi posting ini mengingatkan kita bahwa kita berada dalam garis waktu yang diberkati;It's easy to let the war, famine, and widespread sadness confuse us.  But this post reminds us that we're in a blessed timeline;positif
Saya akan berinvestasi di saham Tesla jika Anda melakukannya.;I will invest in Tesla stock if you do.;positif
Malapetaka?);Doom?);netral
Dan berlangganan pewdiepie;And subscribe to PewDiePie;positif
Tahun Terbaik 2019 sudah.;2019 best year already.;netral
? ? ? ? https://t.co/okcgi7jhru;???? https://t.co/OKcgi7jhrU;tidak relevan
? ? ? ? ? ? ya;?????? yes;tidak relevan
atau co-host spesial?;or a co-host special?;tidak relevan
Double Barrel bukan pelempar api?;Double barrel NOT a flame thrower?;netral
Lakukan, tidak ada bola;Do it, no balls;positif
2019 FTW;2019 FTW;tidak relevan
Skrattar du f ?? rlorar du manen !!;Skrattar Du F??rlorar Du Manen!!;netral
bersumpah untuk Tuhan jika ini terjadi;swear to God if this happens;netral
@Baldieau;@BaldieAU;tidak relevan
Simulasi berkaca -kaca;The simulation is glitching;netral
Oke, ini epik;Ok, this is epic;positif
Ya;Yes;positif
Kami hidup dalam simulasi;we live in a simulation;netral
Setiap Tesla dilengkapi dengan akun yang berlangganan Pewdiepie atau Kerusuhan;Every Tesla comes with an account subscribed to PewDiePie or riot;netral
Sakit. Apakah ini di CCA?;Sick. Is this in the CCA?;negatif
https://t.co/jruhnkqqv7;https://t.co/jRuHnkqqv7;tidak relevan
Apakah ini klon Dyson untuk digunakan di luar angkasa;Is it a Dyson clone for use in space;netral
https://t.co/aotdrnocaf;https://t.co/AoTdrNOcAF;tidak relevan
Ya silahkan! Anda akan bersenang -senang dan membawa kegembiraan yang tak ternilai bagi semua anak laki -laki dan perempuan berusia 9 tahun yang memujamu seperti Mars.;Yes, please!  You'll have so much fun and bring priceless joy to all the 9 year old boys and girls who adore you like Mars.;positif
Ya;A resounding yes;positif
LAKUKAN!;DO IT!;positif
https://t.co/dulkjzl9ky;https://t.co/DUlkJzL9kY;tidak relevan
#Tonymontana #scarface https://t.co/qrnpi8cw5e;#TonyMontana #Scarface https://t.co/QRNPi8cW5E;tidak relevan
Bukan meme, hanya foto yang sangat keren. #Starman #WearesTarman https://t.co/3hrubg8oca;Not a meme, just a really cool photo. #Starman #WeAreStarman https://t.co/3HRUBG8oCA;positif
https://t.co/xzli018usd;https://t.co/xzLi018usd;tidak relevan
Timeline terbaik;best timeline;positif
https://t.co/7whocnlj7s;https://t.co/7WhOcNLj7S;tidak relevan
Baru saja menangkap berita ulasan meme ini. Mohon informasikan @pewdiepie bahwa @Benshapiro adalah manusia yang mengerikan yang takut penjual seolah -olah 40% pajak = komunisme/Soviet Rusia/Venezuela.;Just caught on to this meme review news.  Just please inform @PewDiePie that @BenShapiro is an awful human being who fear mongers as if 40% taxes = communism/Soviet Russia/Venezuela.;netral
Saya pikir setelah penyembur api Anda perlu melakukan senapan mesin;I think after the flamethrower you need to do a machine gun;positif
Meme berikutnya;NEXT MEME;netral
Meme spicy elon .. saya menyetujui;SPICY MEME ELON.. I approve;positif
T-Series dan Teamyoutube sekarang ... https://t.co/1gwu8gsxxg;T-Series and TeamYouTube right now... https://t.co/1Gwu8GSXXG;tidak relevan
https://t.co/u5qnuoobjm;https://t.co/U5QNUoOBJm;tidak relevan
YA;YES;positif
Oh boy https://t.co/vhecakclbk;OH BOY https://t.co/VHecAKclbK;tidak relevan
Jika Anda menonton Godzilla mundur, ini tentang monster yang baik yang membantu membangun kembali kota maka moonwalks ke laut.;If you watch Godzilla backwards, it's about a kind monster that helps rebuild a city then moonwalks into the ocean.;netral
Tweet legendaris;Legendary tweet;positif
Pemandangan bagus ? ?;Nice view ??;netral
@llllllltymey The Elon Musket;@lllllllthymey The Elon Musket;positif
Aku tertawa terbahak -bahak pada kalian semua.?? https://t.co/kjgd5202yn;I'm laughing my ass off at all of you.?? https://t.co/KJGD5202YN;positif
https://t.co/ndzaktjfd8;https://t.co/ndzakTJFD8;tidak relevan
MSM: ï¿½Perlawanan itu sia -sia, Anda harus berasimilasiï¿½ https://t.co/vqkemuqs2g;MSM: ï¿½Resistance is futile, you must be assimilatedï¿½ https://t.co/vQKEMUQS2G;netral
Apakah Anda elon, Anda terlihat seksi ??;Is that you Elon  you look sexy ??;positif
True https://t.co/eummclx3dx;True https://t.co/euMmClX3dx;positif
?? Celana pendek pendek?;?? short shorts?;netral
?????? https://t.co/0up6y5skdf;?????? https://t.co/0up6Y5sKdF;positif
https://t.co/RTXHT8OARP;https://t.co/RtxhT8oArp;tidak relevan
Meme ini dari saya ????????;This meme is from me ????????;netral
RT @larryfitzgerald: Sebagai OG No. 11, mencetak tiket gratis saat Anda membeli 10 dari @VividSeats adalah pengubah permainan. Terima kasih untuk Gratis ke -11ï¿½;RT @LarryFitzgerald: As the OG No. 11, scoring a free ticket when you buy 10 from @vividseats is a game changer. ï¿½ Thanks for the 11thï¿½freeï¿½;tidak relevan
Oh, apakah begitu jauh dari kebenaran??;Oh, is it so far from the truth??;negatif
Ini adalah humor yang hebat Elon.;This is great humor Elon.;positif
https://t.co/dazhqxb3ek;https://t.co/daZhqxb3eK;tidak relevan
https://t.co/zgfmqfzski;https://t.co/zGfMqfzSKi;tidak relevan
Anti mainstream ??;Anti mainstream ??;netral
New @BSSadvisors Weather Girl Ashley siap menghancurkannya musim ini, semua berkat @MuckBootco https://t.co/vjhoywqaad;New @BSSAdvisors Weather Girl Ashley is ready to crush it this season, all thanks to @MuckBootCo https://t.co/vJhoywqaAD;tidak relevan
@badri_dk dan bagaimana dengan ini ... ?? https://t.co/zk4f7uomu7;@badri_dk And what about this... ?? https://t.co/zk4F7uOmU7;tidak relevan
https://t.co/qfspzcsyni;https://t.co/QfsPzCsyNI;tidak relevan
Berapa banyak X yang Anda inginkan? $ Cal: ya;How many xs you want?  $CAL: yes;netral
Jika hanya;If only;netral
Tentu https://t.co/sqqrzd4p8p;Sure https://t.co/SqQrZd4p8p;positif
Hei, saya tidak memberikan izin saya agar tubuh saya berbelanja foto! ??????? ??????;Hey, I did not give my permission for my body to be photo-shopped! ??????? ??????;positif
Berdirilah melawan gelombang, lihatlah Erdtree, alami yang tak terlihat di dongeng.;Stand against the tide, behold the Erdtree, experience the unseen in The Fabled.;positif
Musk akan mengambil media ??;Musk will take on Media ??;positif
Elon musk laki -laki saya ???? terima kasih Tuhan saya kembali;Elon musk my man ???? Thank God Iï¿½m back;positif
https://t.co/gpq6qmyprv;https://t.co/GPq6qMyPrV;tidak relevan
Seseorang harus jelaskan;someone should please explain;netral
Dimana kebohongannya? X ????;Where is the lie? X ????;positif
Kami akan menang;We gonna win;positif
Biarkan Elon Solo mereka;Let Elon solo them;netral
https://t.co/e2n6nmebbl;https://t.co/e2n6NMeBbl;tidak relevan
?????????? https://t.co/52wqovmsrn;?????????? https://t.co/52wQOvMSrN;negatif
https://t.co/mxfc0q381j;https://t.co/mXfc0Q381j;tidak relevan
https://t.co/fwikugcm4o;https://t.co/fWIKuGcM4O;tidak relevan
Raja Internet! https://t.co/qijzxhrjsg;King of the internet! https://t.co/qijZXhRjSg;positif
Secara harfiah saya di x;Literally me on x;positif
Dan kita semua tahu bagaimana pertarungan ini berakhir;And we all know how this fight ends;netral
Baru saja memainkan permainan dunia terbuka baru ini berdasarkan kehidupan nyata benar -benar hardcore https://t.co/awwyk2yqce;Just played this new open world game based on real life  Really hardcore https://t.co/awWyk2yQCE;tidak relevan
Tentang ukurannya tetapi X akan menang.;About the size of it but X is going to win.;positif
Beberapa kebenaran untuk itu;Some truth to it;positif
Pasti terasa seperti ini sering kali ... ??;It must feel like this a lot of the time...??;positif
Media arus utama menyebalkan;Mainstream media sucks;netral
Tonton LMAO ?? https://t.co/zznns6xqqh;Watch lmao ?? https://t.co/ZzNnS6xQqh;tidak relevan
"Selamat datang di gaya Alamo, @elonmusk. """"";"Welcome to The Alamo, @elonmusk style.""""";netral
Kami tidak peduli Elon, Messi baru saja kehilangan final lain, hanya itu yang penting.;We don't care Elon, Messi just lost another final, it's all that matters atm.;negatif
Selamat pagi https://t.co/pkjb2tnj0q;Good morning https://t.co/pkjB2tNj0Q;tidak relevan
Ada lebih banyak dari mereka tetapi kekuatan kita karena orang -orang melebihi mereka;There's more of them but our strength as the people exceeds them;netral
https://t.co/00c6tvubfm;https://t.co/00C6TVUBfm;tidak relevan
Berlari tanpa hati ganas benar -benar masokis;Running with no malignant hearts is truly masochistic;netral
Saya suka dialo?????? https://t.co/fgfntfuybi;I love Diablo??????? https://t.co/fGFnTFuybI;positif
Anda harus mengalirkan diri Anda dengan berlangganan saya dengan harga $ 1;You should stream yourself subscribing to me for $1;tidak relevan
Barang -barang konyol ... merunduk dan mencari tahu https://t.co/2uscbic2gg;silly stuff... duck around and find out https://t.co/2UScbIc2gG;tidak relevan
Mainkan Poe;Play PoE;tidak relevan
Apakah akan segera terintegrasi dengan spasi? Ingin memperkuat kemampuan masyarakat untuk melakukan crowdsource informasi dan mengikuti presentasi, dll. Banyak orang akan mendapat manfaat dari untuk dapat menyediakan sumber secara real time, tanpa harus memaksa pengguna untuk melihat ke dalam ...;Will it integrate with spaces soon? Would like to strengthen communities ability to crowdsource information and follow along with presentations, etc.  Lots of people would benefit from being able to provide sources in real time, without having to force users to look into theï¿½;positif
Ingat ketika kami mengganggu permainan Diablo Anda? https://t.co/kthqlrsrgx;Remember when we interrupted your game of Diablo? https://t.co/KTHQLrsRgx;netral
Bagus ??;Nice ??;positif
Sakit menunggu https://t.co/5mc5gc569o;Ill be waiting https://t.co/5mc5gc569O;negatif
Apakah Anda akan memiliki API untuk alat streaming seperti @streamelements dan @lumiastream untuk menghubungkan? (Peringatan dll);Will you have an API for streaming tools such as @StreamElements and @LumiaStream to hook into? (Alerts etc);netral
Streaming langsung akan menjadi pengubah permainan.;Live streaming will be a game changer.;netral
Beri tahu saya jika Anda perlu membawa. ??;Let me know if you need a carry.  ??;netral
Wow??it memiliki potensi untuk menjadi livestream game yang paling banyak ditonton dalam sejarah.;wow??It has the potential to become the most-watched game livestream in history.;positif
@XDaily Apakah akan ada tips yang tersedia? Seperti bit di Twitch. Beberapa bentuk donasi bersama dengan kualitas streaming yang baik akan menggerakkan begitu banyak pencipta ke sini.;@xDaily Will there be any form of tips available? Like bits on Twitch. Some form of donation along with good streaming quality would move so many creators onto here.;netral
Elon mana yang menjadi favoritmu?;Which Elon is your favorite?;netral
Tidak sabar untuk melihat hasilnya;Canï¿½t wait to see the results;positif
Elon akan membiarkan kami melakukan streaming game di sini ???;Elon gonna let us stream games on here ???;netral
Stream Halo dengan saya;Stream halo with me;netral
Ini bagus. Kami membutuhkan cara yang berkualitas untuk streaming di sini untuk waktu yang lama!;This is great. We have needed a quality means of streaming here for a LONG TIME!;positif
Beberapa bermain di alam liar !!! https://t.co/ghtyywjguq;some playing in the wild!!! https://t.co/gHtYYWjgUQ;netral
Tak sabar menunggu;Can't wait;positif
Saya menantikan suatu acara yang tidak bisa saya mengerti.;I look forward to an event I can not understand.;negatif
https://t.co/pa4yrwhykp;https://t.co/pA4yrWHykP;tidak relevan
Diablo 2? ?? Teman saya dan saya dilarang dari D2 pada hari itu karena menggunakan peta hack. Maksud saya, ayo, setelah bertahun -tahun bermain, 1000 -an bola berlari dan lainnya, sebuah maphack adalah suatu keharusan! Game yang bagus. Itu menyebabkan kami beralih ke wow yang berbasis langganan. Langkah cerdas oleh mereka ??????;Diablo 2? ??  My mate and I got banned from D2 back in the day for using a map hack.  I mean c'mon, after years of playing, 1000's of ball runs and others, a maphack was a must! Great game.  It caused us to move on to WoW which was subscription based. Smart move by them ??????;netral
membutuhkan sistem obrolan yang lebih baik untuk pemirsa dan alat komunitas;need a better chat system for viewers and community tools;netral
Masih menunggu itu terjadi;Still waiting for it to happen;positif
Mainkan Titanfall 2, Pilih Scorch;Play Titanfall 2, pick Scorch;positif
Anda perlu menambahkan membawa orang ke dalam kotak bersama Anda. Satu -satunya hal yang bisa saya pikirkan sekarang.;You need to add bringing people up into the box with you. Only thing I can think of right now.;positif
Malam ini di ?? https://t.co/iusulxsfvz;Tonight on ?? https://t.co/iUsuLxsFvZ;tidak relevan
Saya sedang menunggu sream langsung ini;I was waiting for this live sream;positif
Dengan segala hormat, mengapa tidak memainkan sesuatu yang bagus? Diablo 4 tidak mendapatkan perhatian nol yang sama dengan semua game Blizzard. Cyberpunk 2077 baru saja mengalami ekspansi baru dan luar biasa! Keanu Reeves dan Idris Elba membunuhnya. Hanya untuk menempatkan dalam perspektif..murrent Watchers di Twitchï¿½;With all due respect, why not play something good? Diablo 4 deserves zero attention same with all Blizzard games.   Cyberpunk 2077 just had their new expansion and itï¿½s awesome! Keanu Reeves and Idris Elba killed it.   Just to put in perspective..current watchers on Twitchï¿½;negatif
Saya perhatikan bahwa streaming langsung sekarang termasuk dalam spasi yang berbaris! Dan tepat di depan ????lfg! https://t.co/1noawg8s3m;I noticed that live streams are now included in the spaces line up! And right in the front ????LFG! https://t.co/1NOaWg8s3M;netral
Gamer terkaya sepanjang masa;Richest Gamer of all time;positif
Kedengarannya seperti rencana langsung yang menarik! Speedrunning Tier 99 Nightmare Dungeon di Diablo tanpa menggunakan hati ganas harus membuat gameplay yang intens dan menghibur. Menantikan untuk menyetel sekitar pukul 11 ??malam CT;That sounds like an exciting livestream plan! Speedrunning a Tier 99 Nightmare dungeon on Diablo without using malignant hearts should make for some intense and entertaining gameplay. Looking forward to tuning in at around 11pm CT;positif
Seharusnya tidak ada batasan pada streaming langsung terima kasih!;There should be no restrictions on the livestreams  Thank You !;negatif
LOL mengejutkan karena kelihatannya saya dulu bermain Diablo selama tirani Covid Mania. Tertawa terbahak-bahak. Saya adalah penyihir tingkat tinggi bernama Katniss! ??;Lol shocking as it may seem I used to play Diablo during COVID mania tyranny. Lol.  I was a high level mage named katniss! ??;positif
Katakan: es krim sangat bagus, yum yum ??;say : Ice cream so good, yum yum  ??;tidak relevan
Kami dapat menghubungkan Anda untuk bermain @lotfgame lebih awal!;We can hook you up to play @lotfgame early!;netral
Menantikannya - dapatkah Anda memberi tahu saya kapan live akan terjadi?;Looking forward to it - can you let me know when the live is going to happen ?;positif
Maukah kamu ada di sana untuk menonton?;Will you be there to watch?;netral
Mainkan Fortnite;PLAY FORTNITE;positif
@amiris_brown Diablo asli atau yang baru?;@amiris_brown The original Diablo or the new one?;netral
Kedengarannya luar biasa! Tidak sabar untuk melihat Anda menghancurkan ruang bawah tanah Tier 99 Nightmare di Diablo! ????;Sounds awesome!  Can't wait to see you crush that Tier 99 Nightmare dungeon on Diablo! ????;positif
Akhirnya streaming langsung datang ke x ??;Finally live-streaming coming to X ??;positif
CT harus berarti crypto twitter karena saya perlu streaming langsung;CT must mean crypto twitter cos i need livestreams immediately brody;netral
Saya bertanya-tanya apakah X akan mendapatkan fitur terkait perselisihan seperti screensharing atau bahkan deteksi game dan menampilkan pengikut game apa yang saat ini Anda mainkan. ??;I wonder if X will get Discord-related features like screensharing or even game detection and show followers what game you're currently playing. ??;netral
Uji ini ??;Test this out ??;netral
Elon dan Pertunangan adalah kisah cinta ??;elon and engagement is a love story ??;positif
Oke, kami akan berada di sana ??;Ok, we will be there ??;positif
https://t.co/78kwgfrhoh;https://t.co/78kwgFrHoh;tidak relevan
Apa pelatih pembangunnya? Semoga Sukses ??;Whats the build coach? good luck ??;positif
Tantang Zuck ke permainan!;Challenge Zuck to a game!;netral
Aku bersumpah, lebih baik kamu bermain necromancer. Setiap kelas lainnya hanya dimainkan oleh manusia gua;I swear, you better be playing a Necromancer. Every other class is only played by cavemen;negatif
Itu luar biasa! Saya akan mendengarkan, tidak sabar untuk melihat bagaimana itu terungkap.;Thatï¿½s awesome! Iï¿½ll be tuning in, canï¿½t wait to see how it unfolds.;positif
Sungguh idiot;What a fucking idiot;negatif
Anda adalah donat sialan;You're a fucking donut;negatif
"> Tweet “Saya salah tentang segalanya. Black Lives Matter, Trans Hak adalah Hak Asasi Manusia, Persetan Elon ”
> Atur telepon untuk bergetar dan mendorong pantat
> streaming langsung saya menonjol ke Elon Musk telanjang sampai jantung saya tidak tahan lagi dan mengalami henti jantung
";"> tweet “I was wrong about everything. black lives matter, trans rights are human rights, fuck elon”
>set phone to vibrate and shove up ass
> livestream myself gooning to elon musk naked until my heart can’t take it anymore and goes into cardiac arrest
";negatif
Saya tidak hanya akan meninggalkan Twitter, saya akan meninggalkan AS dan pindah ke Hawaii jika Elon Musk tidak mengundurkan diri. Dia merusak aplikasi ini! Saya akan pergi malam ini;Iâ€™m not only going to be leaving Twitter, Iâ€™ll be leaving the US and moving to Hawaii if Elon musk doesnâ€™t resign. He ruined this app! Iâ€™m leaving tonight;negatif
Mereka selalu menggali kotoran. https://t.co/eqercacxb6;They are always digging for dirt. https://t.co/eQERCacXB6;negatif
Anda adalah elon idiot .... duduklah.;You're an idiot Elon....take a seat.;negatif
Apakah dia sebenarnya bodoh? Apakah dia benar -benar percaya kuda ini?;Is he actually this stupid? Does he really believe this horseshit?;negatif
"Hanya mengatakan itu! ""Bagaimana seekor idiot saat meminta bantuan satu miliar!"" Maaf 4,9 miliar dolar! #ElonMusk";"Just saying tho! ""How an idiot looks like while asking for a billion in aid!"" Sorry 4.9 billion dollars! #ElonMusk";negatif
"Idiot Elon tidak menggunakan ide untuk mengatakan ""Xanniversary"" yang telah saya ikuti di sini terlalu lama (dan juga 2 hari terlambat LMAO) #myxanniversary";Idiot Elon didn’t use the idea to say “Xanniversary” I’ve been on here for too long (and also 2 days late LMAO) #MyXAnniversary;negatif
Elon adalah pria kecil yang marah dengan trauma masa kecil. Dia idiot yang tidak bahagia, yang mencoba mengganti kompleksnya dengan uang, anak perempuan dan kebencian. Tapi dia tetap menyedihkan dan menyedihkan;Elon is a little angry man with childhood trauma. He is unhappy idiot, who is trying to replace his complexes with money, girls and hatred. But he remain pathetic and pitiful;negatif
Jawabannya selalu ya. Elon Musk persis sebodohnya, karena pria itu adalah orang idiot yang gagal atas kekayaan generasi, dan setiap pecundang yang tidak mampu dari akal sehat dasar memandangnya sebagai dewa mereka.;The answer is always yes. Elon Musk is exactly as stupid as he sounds, because the man is a fucking idiot who's failed upwards off generational wealth, and every loser who's incapable of basic common sense looks to him as their god.;negatif
Saya pikir itu agak tidak adil. Dia secara sah dalam manipulasi stok.;I think that’s a bit unfair. He’s legitimately good at stock manipulation.;negatif
Siapa yang ingat ibu atau nenek mereka mengenakan alat -alat ini? Syukurlah model ini dilakukan dan ditaburi sebelum itu adalah waktu saya untuk 'mengikat' â˜ºï¸ ðÿ˜ ‚https://t.co/jpzmlwckpx;Who remembers their mum or grandma wearing these conTRAPtions? Thankfully this model was done n dusted before it was my time to 'strap up' â˜ºï¸ðŸ˜‚ https://t.co/jPZmlWcKPX;negatif
Payudara wanita tidak runcing. Pada. semua. Suka bahkan tidak sedikit.;womens breasts arent pointy. At. all. like not even a little bit.;negatif
Elon Musk adalah badut bodoh yang sangat. Lihatlah orang jahat rasis ini mengenakan topi koboi ke belakang. Jijik. Dia terlalu tidak mengerti untuk menyadari betapa memalukannya dia. Total Poser. Betapa bodohnya bajingan yang menakutkan. Persetan denganmu;Elon Musk is such a fucking moron clown. Look at this racist goon wearing his cowboy hat backwards. Cringe. He’s too clueless to realize how embarrassing he is. Total poser. What a stupid fearmongering scumbag. Fuck you;negatif
Yah, saya punya kabar buruk. Elon Musk berlangganan validls. Ini jaminan validls ini tidak akan dilarang. Saya hanya muak dengan situs web bodoh ini. Saya akan pindah ke Bluesky segera setelah saya mendapatkan kode undangan. Saya sarankan Anda semua melakukan hal yang sama. Situs ini akan segera mati.;Well, I have bad news. Elon Musk is subscribed to ValidLs. This pretty much guarantees ValidLs won't be banned. I'm just sick of this stupid fucking website. I'm gonna move to Bluesky as soon as I get an invite code. I suggest you all do the same. This site is gonna die soon.;negatif
Perusahaan Elon Musk dibangun di atas penjualan bersubsidi. Tesla adalah mobil sial, berbahaya seperti f@#£. Namun pemerintah di seluruh Eropa dan di tempat lain memberikan subsidi bodoh untuk meningkatkan penjualan omong kosong yang tidak masuk akal. Saya tidak akan pernah menghabiskan 1 sen untuk apa pun yang dimiliki oleh pria ini.;Elon Musk's companies are build on subsidised sales. Tesla's are shit cars, dangerous as f@#£. Yet governments all over Europe and elsewhere give stupid subsidies to increase sales of stupid ass selfdriving nonsense. I will never ever spend 1 cent on anything owned by this guy.;negatif
Siapa yang ingin membantu saya membuat server perselisihan jika Elon membuat orang membayar untuk situs bodoh ini?;Who wants to help me make a discord server in case Elon makes people pay for this stupid site?;negatif
Elon benar -benar kehilangan itu. Dia tidak peduli sedikit pun tentang keamanan kita di Eropa. Atau menghentikan genosida. Mengapa kita harus membeli mobilnya? Atau membeli langganan x bodoh?;Elon has totally lost it. He does not care one bit about our security in Europe. Or stopping genocide. Why should we buy his cars? Or buy stupid X subscriptions?;negatif
Ini bodoh sekali. Elon membuat pembaruan paling bodoh dan terburuk diketahui manusia.;This is fucking stupid. Elon makes the stupidest and worst updates known to man.;negatif
Baca artikel baru ini. Guys ... bercinta suci adalah Elon bodoh dan jahat dan anti-Semit. Itu bahkan lebih buruk dari yang kita kira. Dia sangat mudah disarankan. Seseorang mengiriminya teks yang memberinya buku pedoman dan ... ada baiknya membaca artikel ini. Fuck.;Read this new article. Guys...holy FUCK is Elon stupid and evil and anti-Semitic. It's even worse than we thought. He's so suggestible. Somebody sent him a text giving him the playbook and... it's worth reading this article. Fuck.;negatif
Pelacur di sini Elon Musk ini adalah seorang pengecut dan pembohong seperti itu orang -orang akan segera melihat betapa pengecutnya pelacur ini ... bahkan tidak bisa mengatakan sesuatu kepada beberapa pria yang mengolok -olok pantat pelacurnya dan ibunya yang bodoh, bisakah kamu bisa Tai ayam???;This Bitch here Elon Musk is so much of a coward and such a liar the people will soon see what a crooked coward this bitch is...Cant even say something to some man that makes fun of his bitch ass and his stupid mother can you chickenshit???;negatif
Persetan denganmu Elon. Aku bahkan tidak bisa mencoba berbicara dengan temanku karena pengelolaan bodohmu tidak bisa menghilangkan bot bodoh ini;fuck you elon. i can't even try to talk to my friend because your stupid managing can't eradicate these stupid bots;negatif
Persetan denganmu Elon dan sial x bodohmu.;fuck you elon and your stupid X shit.;negatif
Elon Musk benar -benar merupakan badai sempurna dari semua hal terburuk. Jahat, bodoh, narsis dan kuat;Elon musk really is the perfect storm of all the worst things. Evil, stupid, narcissistic and powerful;negatif
Oke, saya harus mengikuti semua orang lagi ... Saya sangat sedih karena saya mengikuti artis yang baik di akun lama saya sekarang semuanya hilang. Ya Tuhan, aku benci Elon;ok i need to follow everyone again… im so sad bc i was following sm good artists on my old account now its all gone . god i hate elon;negatif
Aku benci elon rt jadi aku mendapatkan mootiesku kembali;i hate elon rt so i get my mooties back;negatif
Seluruh dunia dapat melihat sendiri betapa kejamnya narsisis, Elon Musk. Maaf Anda harus mengalami omong kosong ini. Tetap aman saudaraku.;All the world can see for themselves what a cruel piece of shit narcissist elon musk is. Sorry you have to experience this crap. Stay safe my brother.;negatif
Perbaiki sialan Anda elon, kau payah pantat;FIX YOUR FUCKING SHIT ELON YOU SUCK ASS;negatif
Elon Musk akan turun dalam buku -buku sejarah sebagai salah satu pengkhianat dan penipuan terbesar dalam sejarah AS. Tragis bahwa sepotong kotoran yang mutlak diizinkan untuk * secara ilegal * berimigrasi ke AS.;Elon Musk will go down in the history books as one of the biggest traitors and frauds in US history. Tragic that such an absolute piece of shit was allowed to *illegally* immigrate into the US.;negatif
Elon adalah omong kosong. Dia benar -benar memiliki begitu banyak uang sehingga dia dapat dengan mudah menyelesaikan kelaparan dunia & berinvestasi di infrastruktur negara -negara dunia ke -3 - tetapi sebaliknya dia pergi ke perbatasan dan khawatir tentang orang miskin. Seorang pria kaya khawatir tentang orang miskin. Persetan denganmu Elon.;Elon is such a piece of shit. He literally has so much money he could easily solve world hunger & invest in 3rd world countries infrastructure - but instead he goes to the border and is worried about POOR people. A rich man WORRIED about POOR people. Fuck you Elon.;negatif
Jika Anda membayangi saya Elon, Anda menyebalkan dengan omong kosong nyata niggas marinir saya akan mendapatkannya kembali dalam darah jika Anda melakukan itu lil nigga;If you shadow ban me elon you's a bitch on some real shit My marine niggas will have it back in BLOOD if you do that lil nigga;negatif
Elon Musk adalah vagina dan aset Rusia. Bayangkan mengejek presiden suatu negara yang luar biasa (dan dengan perluasan rakyat negara itu) yang secara heroal membela diri dari genosida? Betapa fasisnya kotoran.;Elon Musk is a cunt and a russian asset. Imagine mocking the remarkable president of a country (and by extension that country's people) that is heroically defending itself from genocide? What a fascist piece of shit Musk is.;negatif
Tampaknya Twitter sudah mulai membersihkan akun lagi tanpa alasan. Perbaiki omong kosong Anda, Elon! Berhenti mengirim teman saya ke ranah bayangan;It seems that Twitter has started to purge accounts again for no reason. Fix your shit, Elon! STOP SENDING MY FRIENDS TO THE SHADOW REALM;negatif
Dalam satu minggu dua dari moots favorit saya disukai, saya benci tempat ini, saya membencimu elon, kau menghisap tuhan kamu mengerikan aku membencimu elon graaaaaaaaaaahhhhhh !!!!!;WITHIN ONE WEEK TWO OF MY FAVOURITE MOOTS WERE SUSSED I HATE THIS PLACE I HATE YOU ELON YOU SUCK GOD YOU ARE HORRIBLE I HATE YOU ELON GRAAAAAAAAAAHHHHHHH!!!!!;negatif
Elon Musk mendapat miliaran dari pemerintah untuk membantunya menjadi orang terkaya di dunia, & sekarang dia mengejek genosida di Ukraina. Dia benar -benar omong kosong raksasa. Batalkan kontraknya, mencabut izin keamanannya, & mendeportasi bajingan fasis malam ini.;Elon Musk got billions from the government to aid him in becoming the world’s richest person, & now he’s mocking the genocide in Ukraine. He is truly a gigantic piece of shit. Cancel his contracts, revoke his security clearance, & deport that fascist scumbag tonight.;negatif
